Workbook

Sheet Basis
A1: Topic | B1: Statement
A2: Status | B2: PRELIMINARY DESIGN DEVELOPMENT / INDEPENDENT ARITHMETIC AUDIT ONLY. Not a completed design, checked FE model or AFC release.
A3: Sources | B3: SOW & Bridge Report Combined.pdf, 506 pages; structural SOW Rev C; reports BPR-0003/0004/0005; structural scope addendum; Specification Combined.pdf.
A4: Scope | B4: Three replacement bridges and associated supports / landings / platform-jacket interfaces. BHS includes service supports, operational transfer and demolition engineering.
A5: Geometry | B5: Reported SACS lengths 56/84/42 m are preliminary model lengths, NOT verified fabrication lengths or bearing-centre coordinates.
A6: Loads | B6: Load extents, source model and combinations require reconciliation; do not size members from the arithmetic review.
A7: Limits | B7: L/400 vertical and L/500 lateral are source-study criteria used for arithmetic reproduction, not independently approved project acceptance criteria.
A8: Sections | B8: Tubular dimensions in Section Geometry are transcribed only from ICP report VIV table. They are NOT mapped to chords/braces or selected for construction.
A9: Support | B9: SOW fixed/sliding terminology must be implemented using verified global/local directions, support coordinates, movements and actual restraints. Fixed is not automatically a moment-fixed member end.
A10: Model status | B10: Native analysis model, member groups, load distribution, stiffness assumptions, connectivity, combinations and full result envelopes have not been independently reproduced.
A11: Release | B11: Final fabrication, bearing, connection, lifting and temporary-work details require checked project-specific calculations and applicable ONGC approval.
A12: Spreadsheet | B12: Excel formula fields are recalculated on opening. Audit Snapshot contains independently computed static values for immediate reading.
A13: SUPERSEDED INPUT STATUS | B13: Full design criteria and partial drawings now supplied. Refer BRRP_Engineering_Input_Check_RevP3.xlsx; P2 query statuses are historical.

Sheet Source Inputs
A1: Bridge | B1: Source report | C1: Model length m | D1: Approx gap m | E1: Walkway loading width m | F1: Reported vertical mm | G1: Reported lateral mm | H1: Highest listed member UC | I1: Highest listed joint UC | J1: Reported DL deflection mm | K1: Combined PDF pages
A2: ICW-ICG LD | B2: B774-000-83-43-BPR-0004 Rev 0 | C2: 56 | D2: 54.5 | E2: 1.2 | F2: 105 | G2: 87 | H2: 0.557 | I2: 0.509 | J2: 85 | K2: 133-135;152-153
A3: ICP-ICG LD | B3: B774-000-83-43-BPR-0003 Rev 0 | C3: 84 | D3: 80.5 | E3: 1.2 | F3: 177 | G3: 123 | H3: 0.61 | I3: 0.625 | J3: 143 | K3: 196-199;207-209
A4: BHS-SLQ LD | B4: B774-000-83-43-BPR-0005 Rev A | C4: 42 | D4: 40 | E4: 2.324 | F4: 32 | G4: 76 | H4: 0.916 | I4: 0.859 | J4: 32 | K4: 97-100;122-123

Sheet Serviceability Arithmetic
A1: Bridge | B1: Model L m | C1: Source L/400 mm | D1: Reported vertical mm | E1: Vertical ratio | F1: Source L/500 mm | G1: Reported lateral mm | H1: Lateral ratio | I1: L/200 arithmetic mm | J1: Reported DL deflection mm | K1: L/200 divided by DL deflection | L1: Interpretation
A2: ICW-ICG LD | B2: ='Source Inputs'!C2 | C2: =B2*1000/400 | D2: ='Source Inputs'!F2 | E2: =D2/C2 | F2: =B2*1000/500 | G2: ='Source Inputs'!G2 | H2: =G2/F2 | I2: =B2*1000/200 | J2: ='Source Inputs'!J2 | K2: =I2/J2 | L2: SOURCE LIMIT ARITHMETIC ONLY; not independent structural adequacy
A3: ICP-ICG LD | B3: ='Source Inputs'!C3 | C3: =B3*1000/400 | D3: ='Source Inputs'!F3 | E3: =D3/C3 | F3: =B3*1000/500 | G3: ='Source Inputs'!G3 | H3: =G3/F3 | I3: =B3*1000/200 | J3: ='Source Inputs'!J3 | K3: =I3/J3 | L3: SOURCE LIMIT ARITHMETIC ONLY; not independent structural adequacy
A4: BHS-SLQ LD | B4: ='Source Inputs'!C4 | C4: =B4*1000/400 | D4: ='Source Inputs'!F4 | E4: =D4/C4 | F4: =B4*1000/500 | G4: ='Source Inputs'!G4 | H4: =G4/F4 | I4: =B4*1000/200 | J4: ='Source Inputs'!J4 | K4: =I4/J4 | L4: SOURCE LIMIT ARITHMETIC ONLY; not independent structural adequacy

Sheet Audit Snapshot
A1: Bridge | B1: Source vertical limit mm | C1: Reported vertical mm | D1: Ratio vertical | E1: Source lateral limit mm | F1: Reported lateral mm | G1: Ratio lateral | H1: L/200 arithmetic mm | I1: Reported DL deflection mm | J1: Camber arithmetic / DL
A2: ICW-ICG LD | B2: 140 | C2: 105 | D2: 0.75 | E2: 112 | F2: 87 | G2: 0.77678571 | H2: 280 | I2: 85 | J2: 3.2941176
A3: ICP-ICG LD | B3: 210 | C3: 177 | D3: 0.84285714 | E3: 168 | F3: 123 | G3: 0.73214286 | H3: 420 | I3: 143 | J3: 2.9370629
A4: BHS-SLQ LD | B4: 105 | C4: 32 | D4: 0.3047619 | E4: 84 | F4: 76 | G4: 0.9047619 | H4: 210 | I4: 32 | J4: 6.5625

Sheet Live Load Reconciliation
A1: Bridge | B1: Study L m | C1: Loading width m | D1: Source loading kg/m2 | E1: Converted kN/m2 | F1: Simple rectangular load kN | G1: Report table LL kN | H1: Output LL magnitude kN | I1: Table minus rectangle kN | J1: Required interpretation
A2: ICW-ICG LD | B2: 56 | C2: 1.2 | D2: 250 | E2: 2.4516625 | F2: 164.75172 | G2: 156.25 | H2: 144.69 | I2: -8.50172 | J2: Screen uses full rectangular L x width; source may include/exclude other areas. Obtain actual load map. No discrepancy correction assumed.
A3: ICP-ICG LD | B3: 84 | C3: 1.2 | D3: 250 | E3: 2.4516625 | F3: 247.12758 | G3: 288 | H3: 288 | I3: 40.87242 | J3: Screen uses full rectangular L x width; source may include/exclude other areas. Obtain actual load map. No discrepancy correction assumed.
A4: BHS-SLQ LD | B4: 42 | C4: 2.324 | D4: 250 | E4: 2.4516625 | F4: 239.30187 | G4: 268.42 | H4: 268.42 | I4: 29.118127 | J4: Screen uses full rectangular L x width; source may include/exclude other areas. Obtain actual load map. No discrepancy correction assumed.

Sheet Section Geometry
A1: Source OD mm | B1: Source wall mm | C1: Calculated ID mm | D1: Area mm2 | E1: I mm4 | F1: Elastic Z mm3 | G1: Radius gyration mm | H1: Nominal mass kg/m | I1: Source VIV length m | J1: Status
A2: 406 | B2: 15.9 | C2: 374.2 | D2: 19486.011 | E2: 3.7128358e+08 | F2: 1828983.2 | G2: 138.03569 | H2: 152.96519 | I2: 4 | J2: ICP VIV table, combined PDF p.208; member role / grade / corrosion / effective length not adopted
A3: 406 | B3: 12.7 | C3: 380.6 | D3: 15691.973 | E3: 3.0373025e+08 | F3: 1496208.1 | G3: 139.12502 | H3: 123.18198 | I3: 4 | J3: ICP VIV table, combined PDF p.208; member role / grade / corrosion / effective length not adopted
A4: 168 | B4: 9.5 | C4: 149 | D4: 4730.4531 | E4: 14908319 | F4: 177479.98 | G4: 56.138779 | H4: 37.134057 | I4: 4.98 | J4: ICP VIV table, combined PDF p.208; member role / grade / corrosion / effective length not adopted
A5: 114 | B5: 7.9 | C5: 98.2 | D5: 2633.2515 | E5: 3725925.9 | F5: 65367.12 | G5: 37.615854 | H5: 20.671025 | I5: 4.71 | J5: ICP VIV table, combined PDF p.208; member role / grade / corrosion / effective length not adopted

Sheet Design Queries
A1: ID | B1: Discipline | C1: Bridge | D1: Issue | E1: Required closure | F1: Status | G1: Owner
A2: Q01 | B2: Geometry | C2: All | D2: Model length versus final span | E2: Survey coordinates, datums, skew, landing offsets and actual bearing centres | F2: HOLD | G2: Engineering
A3: Q02 | B3: Analysis | C3: All | D3: Source model unavailable for reproduction | E3: Native SACS model, connectivity, groups, loads, combinations, stiffness and envelopes | F3: HOLD | G3: Analysis lead
A4: Q03 | B4: Loads | C4: All | D4: Rectangular LL screen does not reproduce all totals | E4: Actual loaded areas, extensions, units, distribution and load-generation records | F4: HOLD | G4: Analysis lead
A5: Q04 | B5: Loads | C5: ICW | D5: Report LL156.25kN vs output144.69kN | E5: Identify controlling model revision and corresponding load map | F5: HOLD | G5: Analysis lead
A6: Q05 | B6: Camber | C6: All | D6: Report instruction 1:200 differs from reported DL deflection | E6: Define camber meaning/profile, reference line, support levels and tolerances | F6: HOLD | G6: Technical Authority
A7: Q06 | B7: Support | C7: BHS-SLQ | D7: Report says SLQ fixed; SOW also contains sliding wording | E7: Resolve support philosophy and exact freedoms / restraints | F7: HOLD | G7: ONGC / Engineering
A8: Q07 | B8: Wind | C8: All | D8: 15-second gust in IC reports vs 3-second gust in BHS | E8: Approved metocean/design basis and compatible averaging/conversion method | F8: HOLD | G8: Analysis lead
A9: Q08 | B9: Existing structure | C9: All | D9: Bridge reports refer to separate support/deck/jacket adequacy | E9: Obtain checks/models and integrate reactions with addendum strengthening | F9: HOLD | G9: Platform engineer
A10: Q09 | B10: Reactions | C10: All | D10: Summary does not identify complete concurrent signed envelopes | E10: Provide units, axes, governing combinations, minima, maxima, uplift and moments | F10: HOLD | G10: Analysis lead
A11: Q10 | B11: Members | C11: All | D11: Pictures/VIV list do not establish member schedule | E11: Obtain complete section-group mapping, effective lengths and material specifications | F11: HOLD | G11: Analysis lead
A12: Q11 | B12: Dynamic/fatigue | C12: All | D12: Source summary does not establish full project coverage | E12: Verify vibration, wind response, fatigue and movement criteria with full calculations | F12: HOLD | G12: Specialist engineer
... A15: Q14 | B15: Durability | C15: All | D15: 50ksi yield is not a complete procurement grade | E15: Approve grade, toughness, thickness tolerances, corrosion basis, welding and coatings | F15: HOLD | G15: Materials / QA

Sheet Calculation and Detail Plan
A1: Workstream | B1: Scope | C1: Required analysis | D1: Release deliverable
A2: Global model | B2: Permanent framing | C2: Coordinates, member connectivity, releases, eccentricity, torsion and lateral stability | D2: Checked model and independent review
A3: Members | B3: Strength and buckling | C3: Axial, bending, shear, interaction, local slenderness and effective lengths | D3: Member group schedule and full utilisation envelopes
A4: Connections | B4: Joints and end connections | C4: Tubular joint checks, local stresses, bolts, welds, gussets and fatigue details | D4: Joint calculations and fabrication detail drawings
A5: Serviceability | B5: Deflection and vibration | C5: Agreed load cases, vertical/lateral limits, walkway vibration and service movement | D5: Serviceability report and camber profile
A6: Bearings | B6: Restraints and movements | C6: Thermal and relative platform motion, friction, guides, travel and uplift | D6: Bearing data sheets and reactions
A7: Existing steel | B7: Landings / decks / jackets | C7: Actual corrosion and load paths plus new reaction envelopes | D7: Integrated existing-structure adequacy report
A8: Marine | B8: Temporary conditions | C8: Loadout, transport, seafastening, lifting, landing and temporary support | D8: Checked operation-specific engineering
A9: Fabrication | B9: Detailed engineering | C9: Approved geometry and sections, connections, tolerances, inspection and traceability | D9: AFC drawings and manufacturing dossier

Sheet Design Basis Source Index
A1: ID | B1: Subject | C1: Document | D1: Uploaded file | E1: PDF pages | F1: Evidence status | G1: Application
A2: DB01 | B2: Structural standards register | C2: B774-000-83-43-ST-01 Rev A | D2: Specification Combined.pdf | E2: 1-2 | F2: Located | G2: Defines listed standards and specifications
A3: DB02 | B3: Welding and NDT | C3: 2009F Rev 8 | D3: Specification Combined.pdf | E3: 3-38 | F3: Located | G3: Apply applicable procedures and inspection requirements
A4: DB03 | B4: Fabrication and assembly | C4: 6-60-0013 Rev 3 | D4: Specification Combined.pdf | E4: 55-81 | F4: Located | G4: Fabrication and assembly requirements
A5: DB04 | B5: Protective coating | C5: 2005 Rev 9 | D5: Specification Combined.pdf | E5: 91-168 | F5: Located | G5: Select applicable coating systems by exposure and service
A6: DB05 | B6: Material fabrication installation | C6: 6001F Rev 14 | D6: Specification Combined.pdf | E6: 169-243 | F6: Located | G6: Includes material and construction requirements; apply relevant clauses
A7: DB06 | B7: Design-code references | C7: API RP 2A WSD / AWS / AISC within 6001F | D7: Specification Combined.pdf | E7: 172-175 | F7: Located | G7: Confirm governing editions and hierarchy; listed standards are not all applicable to every item
A8: DB07 | B8: ICW-ICG study basis | C8: BPR-0004 Rev 0 | D8: SOW & Bridge Report Combined.pdf | E8: 133-135 | F8: Located | G8: 56m model;54.5m approximate gap; material/wind/loading/support study inputs
A9: DB08 | B9: ICP-ICG study basis | C9: BPR-0003 Rev 0 | D9: SOW & Bridge Report Combined.pdf | E9: 196-199 | F9: Located | G9: 84m model;80.5m approximate gap; material/wind/loading/support study inputs
A10: DB09 | B10: BHS-SLQ study basis | C10: BPR-0005 Rev A | D10: SOW & Bridge Report Combined.pdf | E10: 97-100 | F10: Located | G10: 42m model;40m approximate gap; material/wind/loading/support study inputs
A11: DB10 | B11: Structural project scope | C11: B774-000-83-43-SOW-0001 Rev C | D11: SOW & Bridge Report Combined.pdf | E11: 15-53 | F11: Located | G11: Replacement scope, landings and drawing references
A12: DB11 | B12: Jacket strengthening addendum | C12: Addendum_Structure_SOW | D12: Addendum_Structure_SOW.pdf | E12: 1 | F12: Located | G12: ICG ICP BHS enabling strengthening
A13: DB12 | B13: Referenced structural design criteria | C13: DC-3.4-Part-1-Rev.14 | D13: Referenced in bridge reports | E13: 98;133;197 | F13: Reference located; complete text not identified | G13: Do not mark entire design basis missing; distinguish source excerpts from standalone criteria
